PLACENS,GEOID,NAMELSAD,CLASSFP,FUNCSTAT,ALAND,AWATER,INTPTLAT,INTPTLON,OBJECTID *,SHAPE *
02391499,3600199,Adams village,C1,A,3742271,0,+43.8102182,-76.0229784,1,Polygon
02391500,3600276,Addison village,C1,A,4902284,0,+42.1063210,-77.2319899,2,Polygon
02391501,3600342,Afton village,C1,A,3953884,189228,+42.2291991,-75.5247501,3,Polygon
02391502,3600408,Airmont village,C1,A,11823716,4574,+41.0991558,-74.0979158,4,Polygon
02391503,3600441,Akron village,C1,A,5209767,0,+43.0179568,-78.4978033,5,Polygon
00978659,3601000,Albany city,C5,A,55435357,1377120,+42.6657453,-73.7983532,6,Polygon
02391504,3601033,Albion village,C1,A,7561709,0,+43.2460241,-78.1901999,7,Polygon
02391505,3601088,Alden village,C1,A,7040219,0,+42.8988786,-78.4946069,8,Polygon
02391506,3601154,Alexander village,C1,A,1132465,0,+42.9020210,-78.2591135,9,Polygon
02391507,3601187,Alexandria Bay village,C1,A,1940695,1963648,+44.3372212,-75.9227072,10,Polygon
02391508,3601198,Alfred village,C1,A,3081683,0,+42.2543333,-77.7896461,11,Polygon
02391509,3601286,Allegany village,C1,A,2008354,18572,+42.0906485,-78.4896325,12,Polygon
02391510,3601440,Almond village,C1,A,1461648,0,+42.3193252,-77.7386085,13,Polygon
02391511,3601517,Altamont village,C1,A,3279144,3689,+42.7053446,-74.0336330,14,Polygon
02391513,3601737,Ames village,C1,A,338514,0,+42.8374690,-74.6016809,15,Polygon
02391514,3602044,Amityville village,C1,A,5324065,1082191,+40.6698436,-73.4157871,16,Polygon
00978677,3602066,Amsterdam city,C5,A,15208935,1003058,+42.9416277,-74.1905662,17,Polygon
02391515,3602143,Andover village,C1,A,2592521,39365,+42.1569955,-77.7960981,18,Polygon
02391516,3602176,Angelica village,C1,A,5573332,0,+42.3055058,-78.0206449,19,Polygon
02391517,3602198,Angola village,C1,A,3669096,0,+42.6378853,-79.0295159,20,Polygon
02391518,3602286,Antwerp village,C1,A,2598790,75433,+44.1995381,-75.6089707,21,Polygon
02391519,3602407,Arcade village,C1,A,6861862,8312,+42.5305944,-78.4418086,22,Polygon
02391523,3602506,Ardsley village,C1,A,3421377,0,+41.0134787,-73.8392888,23,Polygon
02391524,3602550,Argyle village,C1,A,820344,0,+43.2363452,-73.4907390,24,Polygon
02391525,3602583,Arkport village,C1,A,1798179,0,+42.3925958,-77.6954819,25,Polygon
02391526,3602737,Asharoken village,C1,A,3683558,13114076,+40.9392698,-73.3850603,26,Polygon
02391527,3602902,Athens village,C1,A,8856682,3068558,+42.2710296,-73.8159333,27,Polygon
02391528,3602968,Atlantic Beach village,C1,A,1137583,1506193,+40.5860567,-73.7250967,28,Polygon
02391529,3603001,Attica village,C1,A,4379660,0,+42.8640968,-78.2798144,29,Polygon
00978695,3603078,Auburn city,C5,A,21588471,195995,+42.9338003,-76.5671806,30,Polygon
02391530,3603188,Aurora village,C1,A,2380400,77,+42.7521924,-76.6984386,31,Polygon
02391531,3603331,Avoca village,C1,A,3434115,5514,+42.4148832,-77.4248348,32,Polygon
02391532,3603353,Avon village,C1,A,8148997,0,+42.9128422,-77.7464901,33,Polygon
02391533,3603408,Babylon village,C1,A,6243579,994912,+40.6936792,-73.3260004,34,Polygon
02391534,3604033,Bainbridge village,C1,A,3403618,102212,+42.3018069,-75.4797559,35,Polygon
02391535,3604198,Baldwinsville village,C1,A,8261134,452257,+43.1597060,-76.3384644,36,Polygon
02391536,3604253,Ballston Spa village,C1,A,4145396,23918,+43.0056402,-73.8544584,37,Polygon
02391538,3604440,Barker village,C1,A,1087358,0,+43.3283276,-78.5535349,38,Polygon
00978713,3604715,Batavia city,C5,A,13456004,209531,+42.9985582,-78.1808064,39,Polygon
02391540,3604759,Bath village,C1,A,8216565,915,+42.3360928,-77.3168595,40,Polygon
02391541,3604803,Baxter Estates village,C1,A,472627,0,+40.8337710,-73.6947594,41,Polygon
02391542,3605034,Bayville village,C1,A,3769718,247886,+40.9072567,-73.5611660,42,Polygon
00978716,3605100,Beacon city,C5,A,12273969,353971,+41.5032396,-73.9647353,43,Polygon
02391545,3605639,Bellerose village,C1,A,325374,0,+40.7242750,-73.7166744,44,Polygon
02391544,3605672,Belle Terre village,C1,A,2291699,0,+40.9606977,-73.0672743,45,Polygon
02391546,3605771,Bellport village,C1,A,3755084,211385,+40.7509502,-72.9413254,46,Polygon
02391547,3605815,Belmont village,C1,A,2579199,4170,+42.2201045,-78.0307937,47,Polygon
02391548,3605848,Bemus Point village,C1,A,1086201,0,+42.1632486,-79.3894759,48,Polygon
02391549,3606046,Bergen village,C1,A,1907749,0,+43.0826010,-77.9424576,49,Polygon
00978733,3606607,Binghamton city,C5,A,27141216,1675760,+42.1013306,-75.9093694,50,Polygon
02391551,3606794,Black River village,C1,A,4613749,271126,+44.0095252,-75.7964631,51,Polygon
02391552,3606849,Blasdell village,C1,A,2910121,0,+42.7965190,-78.8324004,52,Polygon
02391553,3606945,Bloomfield village,C1,A,3613356,0,+42.8991199,-77.4241336,53,Polygon
02391554,3606959,Bloomingburg village,C1,A,1782479,0,+41.5519473,-74.4437581,54,Polygon
02391555,3607190,Bolivar village,C1,A,2063530,0,+42.0684215,-78.1662121,55,Polygon
02391556,3607355,Boonville village,C1,A,4479011,11565,+43.4808621,-75.3296356,56,Polygon
02391557,3608070,Brewster village,C1,A,1270510,9659,+41.3961620,-73.6162687,57,Polygon
02391558,3608103,Briarcliff Manor village,C1,A,15527998,2167717,+41.1403331,-73.8475045,58,Polygon
02391560,3608323,Brightwaters village,C1,A,2500948,58407,+40.7164346,-73.2615138,59,Polygon
02391561,3608422,Broadalbin village,C1,A,3500673,10482,+43.0555326,-74.1954215,60,Polygon
02391562,3608466,Brockport village,C1,A,5631325,122682,+43.2132974,-77.9408242,61,Polygon
02391563,3608488,Brocton village,C1,A,4581468,0,+42.3897190,-79.4428152,62,Polygon
02391564,3608532,Bronxville village,C1,A,2518650,0,+40.9394931,-73.8264399,63,Polygon
02391565,3610132,Brookville village,C1,A,10223878,29514,+40.8079116,-73.5701220,64,Polygon
02391566,3610231,Brownville village,C1,A,1615905,33989,+44.0053068,-75.9830702,65,Polygon
02391567,3610286,Brushton village,C1,A,715859,0,+44.8306806,-74.5119078,66,Polygon
02391568,3610341,Buchanan village,C1,A,3666065,865561,+41.2631679,-73.9449660,67,Polygon
00978764,3611000,Buffalo city,C5,A,104577537,31344742,+42.8924919,-78.8596862,68,Polygon
02391569,3611132,Burdett village,C1,A,2491251,0,+42.4168725,-76.8439630,69,Polygon
02391570,3611154,Burke village,C1,A,754632,0,+44.9031460,-74.1699785,70,Polygon
02391571,3611704,Caledonia village,C1,A,5434655,0,+42.9754671,-77.8570795,71,Polygon
02391572,3611825,Cambridge village,C1,A,4469435,0,+43.0279751,-73.3812963,72,Polygon
02391573,3611847,Camden village,C1,A,6309841,0,+43.3364774,-75.7477298,73,Polygon
02391574,3611902,Camillus village,C1,A,1050759,0,+43.0386629,-76.3099282,74,Polygon
02391575,3612111,Canajoharie village,C1,A,3446733,176039,+42.8990805,-74.5678692,75,Polygon
00978784,3612144,Canandaigua city,C5,A,11811298,691411,+42.8889987,-77.2803208,76,Polygon
02391576,3612177,Canaseraga village,C1,A,2751303,0,+42.4617618,-77.7772703,77,Polygon
02391577,3612188,Canastota village,C1,A,8649529,11227,+43.0841487,-75.7554947,78,Polygon
02391578,3612210,Candor village,C1,A,1128448,0,+42.2283950,-76.3366715,79,Polygon
02391579,3612254,Canisteo village,C1,A,2418195,0,+42.2703537,-77.6056583,80,Polygon
02391580,3612331,Canton village,C1,A,10735364,333071,+44.5999950,-75.1665845,81,Polygon
02391581,3612353,Cape Vincent village,C1,A,1821359,66422,+44.1231968,-76.3307343,82,Polygon
02391582,3612683,Carthage village,C1,A,6281511,423856,+43.9828761,-75.6030119,83,Polygon
02391583,3612749,Cassadaga village,C1,A,2189994,562173,+42.3415641,-79.3170230,84,Polygon
02391584,3612771,Castile village,C1,A,3513128,0,+42.6311557,-78.0525886,85,Polygon
02391585,3612870,Castleton-on-Hudson village,C1,A,1848304,2367,+42.5365677,-73.7479239,86,Polygon
02391586,3612881,Castorland village,C1,A,831539,0,+43.8861049,-75.5164385,87,Polygon
02391587,3612958,Cato village,C1,A,2560232,64159,+43.1655676,-76.5675060,88,Polygon
02391588,3613002,Catskill village,C1,A,5904025,1500234,+42.2149014,-73.8586739,89,Polygon
02391589,3613024,Cattaraugus village,C1,A,2894103,5829,+42.3297635,-78.8675189,90,Polygon
02391590,3613068,Cayuga village,C1,A,2340872,1195533,+42.9195478,-76.7279870,91,Polygon
02391591,3613079,Cayuga Heights village,C1,A,4575841,3196,+42.4676754,-76.4884173,92,Polygon
02391592,3613145,Cazenovia village,C1,A,4888199,0,+42.9279158,-75.8513200,93,Polygon
02391593,3613233,Cedarhurst village,C1,A,1747711,0,+40.6252020,-73.7278305,94,Polygon
02391594,3613288,Celoron village,C1,A,1936436,0,+42.1052106,-79.2776909,95,Polygon
02391595,3613585,Central Square village,C1,A,4937155,0,+43.2859860,-76.1418794,96,Polygon
02391596,3613618,Centre Island village,C1,A,2823386,3930,+40.8985460,-73.5219193,97,Polygon
02391597,3613739,Champlain village,C1,A,3774484,94678,+44.9882806,-73.4324289,98,Polygon
02391598,3613981,Chateaugay village,C1,A,2805919,0,+44.9265894,-74.0803981,99,Polygon
02391599,3614003,Chatham village,C1,A,3203527,10919,+42.3618299,-73.5979417,100,Polygon
02391600,3614036,Chaumont village,C1,A,2547061,241948,+44.0683501,-76.1327478,101,Polygon
02391602,3615242,Cherry Valley village,C1,A,1319896,1089,+42.7981799,-74.7521705,102,Polygon
02391603,3615297,Chester village,C1,A,5563811,0,+41.3569418,-74.2769210,103,Polygon
02391604,3615400,Chestnut Ridge village,C1,A,12823782,7328,+41.0849075,-74.0480705,104,Polygon
02391607,3615561,Chittenango village,C1,A,6434352,0,+43.0461412,-75.8747688,105,Polygon
02391608,3615638,Churchville village,C1,A,3083295,45792,+43.1022610,-77.8815861,106,Polygon
02391609,3616089,Clayton village,C1,A,4149907,2519077,+44.2374867,-76.0827342,107,Polygon
02391610,3616111,Clayville village,C1,A,1137342,9911,+42.9779625,-75.2506805,108,Polygon
02391612,3616188,Cleveland village,C1,A,2930380,241687,+43.2400016,-75.8842019,109,Polygon
02391613,3616375,Clifton Springs village,C1,A,3839636,0,+42.9608317,-77.1347885,110,Polygon
02391614,3616419,Clinton village,C1,A,1620972,0,+43.0488663,-75.3784617,111,Polygon
02391615,3616573,Clyde village,C1,A,5693176,153212,+43.0841623,-76.8704301,112,Polygon
02391616,3616628,Cobleskill village,C1,A,9232745,9387,+42.6790021,-74.4852336,113,Polygon
02391617,3616727,Cohocton village,C1,A,3888771,0,+42.4999299,-77.5000062,114,Polygon
00978847,3616749,Cohoes city,C5,A,9771247,1200615,+42.7728670,-73.7077593,115,Polygon
02391618,3616815,Cold Brook village,C1,A,1137492,0,+43.2398746,-75.0388692,116,Polygon
02391619,3616936,Cold Spring village,C1,A,1537737,14144,+41.4192380,-73.9547452,117,Polygon
02391620,3617332,Colonie village,C1,A,8395683,8227,+42.7208726,-73.8317359,118,Polygon
02391621,3617882,Constableville village,C1,A,2896482,0,+43.5648781,-75.4280550,119,Polygon
02391622,3618047,Cooperstown village,C1,A,4233703,544035,+42.6988750,-74.9306589,120,Polygon
02391623,3618135,Copenhagen village,C1,A,3044541,0,+43.8934361,-75.6726175,121,Polygon
02391624,3618201,Corfu village,C1,A,2577324,0,+42.9611626,-78.4026102,122,Polygon
02391625,3618212,Corinth village,C1,A,2762585,102299,+43.2456617,-73.8303482,123,Polygon
00978867,3618256,Corning city,C5,A,7986917,459014,+42.1481948,-77.0564013,124,Polygon
02391626,3618333,Cornwall-on-Hudson village,C1,A,5146045,270738,+41.4335211,-74.0151452,125,Polygon
00978870,3618388,Cortland city,C5,A,10085376,51890,+42.6008656,-76.1791268,126,Polygon
02391627,3618597,Cove Neck village,C1,A,3325818,724189,+40.8857809,-73.4973041,127,Polygon
02391628,3618718,Coxsackie village,C1,A,5620623,1095158,+42.3576277,-73.8079891,128,Polygon
02391629,3619070,Croghan village,C1,A,1123687,0,+43.8945626,-75.3912288,129,Polygon
02391630,3619213,Croton-on-Hudson village,C1,A,12155696,15696268,+41.2096524,-73.9011520,130,Polygon
02391631,3619356,Cuba village,C1,A,3150633,0,+42.2182919,-78.2752112,131,Polygon
02391632,3619642,Dannemora village,C1,A,3127197,0,+44.7197211,-73.7185351,132,Polygon
02391633,3619664,Dansville village,C1,A,6753953,0,+42.5624823,-77.6969270,133,Polygon
02391634,3619994,Deferiet village,C1,A,1747098,203228,+44.0364908,-75.6824270,134,Polygon
02391635,3620082,Delanson village,C1,A,1666892,6970,+42.7480992,-74.1824433,135,Polygon
02391636,3620115,Delevan village,C1,A,2574425,0,+42.4912882,-78.4796033,136,Polygon
02391637,3620126,Delhi village,C1,A,8225825,132064,+42.2774174,-74.9154797,137,Polygon
02391638,3620313,Depew village,C1,A,13147772,0,+42.9117637,-78.7043632,138,Polygon
02391639,3620346,Deposit village,C1,A,3270820,137766,+42.0641755,-75.4229194,139,Polygon
02391640,3620379,Dering Harbor village,C1,A,636236,34459,+41.0921774,-72.3413280,140,Polygon
02391641,3620390,DeRuyter village,C1,A,955359,0,+42.7586689,-75.8866889,141,Polygon
02391642,3620500,Dexter village,C1,A,1723678,139862,+44.0111789,-76.0429821,142,Polygon
02391643,3620698,Dobbs Ferry village,C1,A,6274830,1948211,+41.0099937,-73.8686359,143,Polygon
02391644,3620731,Dolgeville village,C1,A,4637386,112829,+43.1066959,-74.7799783,144,Polygon
02391645,3620896,Dresden village,C1,A,781586,14641,+42.6839278,-76.9570462,145,Polygon
02391646,3620951,Dryden village,C1,A,4548840,35009,+42.4908303,-76.3013868,146,Polygon
02391647,3621050,Dundee village,C1,A,2854159,0,+42.5236126,-76.9774220,147,Polygon
00978911,3621105,Dunkirk city,C5,A,11774799,53436,+42.4805509,-79.3328983,148,Polygon
02391648,3621523,Earlville village,C1,A,2799415,0,+42.7400847,-75.5435954,149,Polygon
02391649,3621589,East Aurora village,C1,A,6503300,27925,+42.7668370,-78.6170422,150,Polygon
02391650,3622183,East Hampton village,C1,A,12352035,358523,+40.9515426,-72.1960936,151,Polygon
02391651,3622260,East Hills village,C1,A,5903176,0,+40.7958411,-73.6291760,152,Polygon
02391652,3622557,East Nassau village,C1,A,12594718,22635,+42.5389760,-73.5049759,153,Polygon
02391654,3622865,East Rochester village,C1,A,3405735,9379,+43.1122104,-77.4871756,154,Polygon
02391655,3622876,East Rockaway village,C1,A,2636667,34335,+40.6438042,-73.6671300,155,Polygon
02391656,3623052,East Syracuse village,C1,A,4039633,0,+43.0638229,-76.0697891,156,Polygon
02391657,3623217,East Williston village,C1,A,1472850,0,+40.7608497,-73.6336070,157,Polygon
02391659,3623745,Elba village,C1,A,2633362,0,+43.0768041,-78.1889085,158,Polygon
02391660,3623789,Elbridge village,C1,A,2575360,0,+43.0379359,-76.4423524,159,Polygon
02391661,3623965,Ellenville village,C1,A,22514970,224619,+41.7047438,-74.3621900,160,Polygon
02391662,3624020,Ellicottville village,C1,A,2124544,35692,+42.2748519,-78.6722833,161,Polygon
02391663,3624075,Ellisburg village,C1,A,2593307,0,+43.7351015,-76.1343878,162,Polygon
00978938,3624229,Elmira city,C5,A,18782821,845559,+42.0933876,-76.8096099,163,Polygon
02391664,3624251,Elmira Heights village,C1,A,2969214,0,+42.1266901,-76.8255662,164,Polygon
02391665,3624295,Elmsford village,C1,A,2737100,0,+41.0541144,-73.8143254,165,Polygon
02391666,3624515,Endicott village,C1,A,8272082,10399,+42.0974887,-76.0633763,166,Polygon
02390828,3624713,Esperance village,C1,A,1267388,78347,+42.7646329,-74.2573916,167,Polygon
02390829,3624823,Evans Mills village,C1,A,2115463,0,+44.0869780,-75.8077606,168,Polygon
02390830,3624867,Fabius village,C1,A,1103344,0,+42.8346657,-75.9847860,169,Polygon
02390831,3624988,Fair Haven village,C1,A,4560964,3035731,+43.3231752,-76.7046782,170,Polygon
02390832,3625076,Fairport village,C1,A,4091906,95560,+43.0994653,-77.4430687,171,Polygon
02390833,3625164,Falconer village,C1,A,2794447,0,+42.1190693,-79.1969322,172,Polygon
02390834,3625384,Farmingdale village,C1,A,2833877,0,+40.7328076,-73.4467594,173,Polygon
02390835,3625428,Farnham village,C1,A,3125649,0,+42.5950644,-79.0808594,174,Polygon
02390836,3625527,Fayetteville village,C1,A,4492384,0,+43.0307939,-75.9983610,175,Polygon
02390837,3625967,Fishkill village,C1,A,2154279,10296,+41.5339080,-73.8931308,176,Polygon
02390838,3626209,Fleischmanns village,C1,A,1696437,37682,+42.1549252,-74.5348265,177,Polygon
02390839,3626264,Floral Park village,C1,A,3680302,34951,+40.7219521,-73.7028241,178,Polygon
02390840,3626319,Florida village,C1,A,5831248,10909,+41.3306407,-74.3542019,179,Polygon
02390841,3626352,Flower Hill village,C1,A,4175019,0,+40.8074950,-73.6755675,180,Polygon
02390842,3626462,Fonda village,C1,A,1396714,179299,+42.9533835,-74.3728689,181,Polygon
02390844,3626704,Fort Ann village,C1,A,739556,21643,+43.4157311,-73.4905129,182,Polygon
02390845,3626770,Fort Edward village,C1,A,4562919,392264,+43.2686175,-73.5826172,183,Polygon
02390846,3626880,Fort Johnson village,C1,A,1915198,278935,+42.9580226,-74.2363420,184,Polygon
02390847,3626924,Fort Plain village,C1,A,3482391,146979,+42.9326583,-74.6268040,185,Polygon
02390848,3627188,Frankfort village,C1,A,2625522,44685,+43.0377535,-75.0715825,186,Polygon
02390849,3627221,Franklin village,C1,A,877667,17201,+42.3407834,-75.1680210,187,Polygon
02390850,3627331,Franklinville village,C1,A,2849025,0,+42.3347456,-78.4547656,188,Polygon
02390851,3627419,Fredonia village,C1,A,13303985,0,+42.4406582,-79.3319004,189,Polygon
02390852,3627485,Freeport village,C1,A,11857374,757064,+40.6524070,-73.5849926,190,Polygon
02390853,3627529,Freeville village,C1,A,2741099,96536,+42.5084100,-76.3471618,191,Polygon
00978979,3627815,Fulton city,C5,A,10161074,2694816,+43.3191638,-76.4197385,192,Polygon
02390854,3627859,Fultonville village,C1,A,1235544,110335,+42.9462289,-74.3697781,193,Polygon
02390855,3627969,Gainesville village,C1,A,2216770,0,+42.6414941,-78.1346587,194,Polygon
02390856,3628101,Galway village,C1,A,662979,0,+43.0185160,-74.0318378,195,Polygon
02390857,3628178,Garden City village,C1,A,13799905,71483,+40.7257555,-73.6453981,196,Polygon
02390858,3628618,Geneseo village,C1,A,7379703,0,+42.7990200,-77.8095480,197,Polygon
00978992,3628640,Geneva city,C5,A,10914565,4225907,+42.8634882,-76.9827223,198,Polygon
02390859,3628959,Gilbertsville village,C1,A,2596844,0,+42.4693300,-75.3226094,199,Polygon
00979003,3629113,Glen Cove city,C5,A,17243917,32598438,+40.8847565,-73.6447811,200,Polygon
02390860,3629322,Glen Park village,C1,A,1849551,103094,+44.0030697,-75.9583975,201,Polygon
00979004,3629333,Glens Falls city,C5,A,9973637,359971,+43.3111604,-73.6452865,202,Polygon
00979006,3629443,Gloversville city,C5,A,13069249,21746,+43.0492440,-74.3458154,203,Polygon
02390861,3629542,Goshen village,C1,A,8599613,0,+41.4016472,-74.3268547,204,Polygon
02390862,3629597,Gouverneur village,C1,A,5676076,225777,+44.3365729,-75.4660346,205,Polygon
02390863,3629630,Gowanda village,C1,A,4125363,41807,+42.4604276,-78.9345176,206,Polygon
02390864,3629872,Grand View-on-Hudson village,C1,A,451330,0,+41.0629027,-73.9208993,207,Polygon
02390865,3630026,Granville village,C1,A,4012565,474,+43.4134070,-73.2644590,208,Polygon
02390866,3630169,Great Neck village,C1,A,3430081,70057,+40.8023675,-73.7330992,209,Polygon
02390867,3630191,Great Neck Estates village,C1,A,1983719,92751,+40.7864758,-73.7401665,210,Polygon
02390868,3630213,Great Neck Plaza village,C1,A,806563,0,+40.7869127,-73.7261550,211,Polygon
02390870,3630411,Greene village,C1,A,2765341,97388,+42.3300683,-75.7676855,212,Polygon
02390869,3630521,Green Island village,C1,A,1935064,482922,+42.7479043,-73.6924663,213,Polygon
02390871,3630576,Greenport village,C1,A,2460134,649780,+41.1024279,-72.3667628,214,Polygon
02390872,3630675,Greenwich village,C1,A,3807776,0,+43.0864747,-73.4966729,215,Polygon
02390873,3630752,Greenwood Lake village,C1,A,5238434,1099456,+41.2211035,-74.2875780,216,Polygon
02390874,3630961,Groton village,C1,A,4499938,2543,+42.5834302,-76.3598595,217,Polygon
02390875,3631291,Hagaman village,C1,A,3879694,119909,+42.9707331,-74.1597903,218,Polygon
02390876,3631643,Hamburg village,C1,A,6421437,0,+42.7233565,-78.8348044,219,Polygon
02390877,3631709,Hamilton village,C1,A,6458504,497827,+42.8284567,-75.5530150,220,Polygon
02390878,3631830,Hammond village,C1,A,1516783,0,+44.4463853,-75.6934986,221,Polygon
02390879,3631852,Hammondsport village,C1,A,893853,52440,+42.4087396,-77.2228581,222,Polygon
02390880,3631940,Hancock village,C1,A,4056899,336832,+41.9530284,-75.2820896,223,Polygon
02390881,3632017,Hannibal village,C1,A,2984713,0,+43.3194374,-76.5777422,224,Polygon
02390882,3632325,Harriman village,C1,A,2601406,45677,+41.3090565,-74.1440935,225,Polygon
02390883,3632402,Harrison village,C1,A,43422937,1746669,+41.0235377,-73.7192829,226,Polygon
02390885,3632710,Hastings-on-Hudson village,C1,A,5125595,2431182,+40.9880407,-73.8812359,227,Polygon
02390886,3632754,Haverstraw village,C1,A,5138773,7916923,+41.1782452,-73.9433313,228,Polygon
02390887,3632963,Head of the Harbor village,C1,A,7266262,594054,+40.8976582,-73.1615357,229,Polygon
02390888,3633139,Hempstead village,C1,A,9558962,12386,+40.7043737,-73.6194451,230,Polygon
02390889,3634121,Herkimer village,C1,A,6703914,298737,+43.0280782,-74.9933058,231,Polygon
02390892,3634264,Heuvelton village,C1,A,1970325,276318,+44.6163905,-75.3999835,232,Polygon
02390893,3634297,Hewlett Bay Park village,C1,A,874300,56780,+40.6351195,-73.6958240,233,Polygon
02390894,3634308,Hewlett Harbor village,C1,A,1877214,272994,+40.6336187,-73.6858977,234,Polygon
02390895,3634319,Hewlett Neck village,C1,A,506242,46865,+40.6247625,-73.6970824,235,Polygon
02390896,3634495,Highland Falls village,C1,A,2832502,24410,+41.3645648,-73.9689239,236,Polygon
02390897,3634660,Hillburn village,C1,A,5784799,45427,+41.1271770,-74.1705027,237,Polygon
02390898,3634847,Hilton village,C1,A,4626555,0,+43.2899716,-77.7925586,238,Polygon
02390899,3634979,Hobart village,C1,A,1289464,18051,+42.3721557,-74.6685407,239,Polygon
02390900,3635144,Holland Patent village,C1,A,1309345,6165,+43.2411474,-75.2565746,240,Polygon
02390901,3635155,Holley village,C1,A,3284408,0,+43.2246566,-78.0291937,241,Polygon
02390902,3635276,Homer village,C1,A,4986794,32383,+42.6372333,-76.1853767,242,Polygon
02390903,3635364,Honeoye Falls village,C1,A,6586703,133507,+42.9546773,-77.5911265,243,Polygon
02390904,3635474,Hoosick Falls village,C1,A,4138795,0,+42.9009068,-73.3499679,244,Polygon
00979078,3635672,Hornell city,C5,A,8491569,0,+42.3330435,-77.6632151,245,Polygon
02390905,3635694,Horseheads village,C1,A,10070798,38288,+42.1686317,-76.8296585,246,Polygon
00979083,3635969,Hudson city,C5,A,5588824,445170,+42.2519047,-73.7860284,247,Polygon
02390906,3635980,Hudson Falls village,C1,A,4821180,152818,+43.3047354,-73.5815867,248,Polygon
02390907,3636167,Hunter village,C1,A,4800965,82927,+42.2105316,-74.2154315,249,Polygon
02390908,3637022,Huntington Bay village,C1,A,2585393,2321971,+40.9035556,-73.4121274,250,Polygon
02390909,3637275,Ilion village,C1,A,6456618,152920,+43.0112605,-75.0396546,251,Polygon
02390910,3637528,Interlaken village,C1,A,795156,4987,+42.6178201,-76.7254736,252,Polygon
02390911,3637803,Irvington village,C1,A,7225673,3341258,+41.0342581,-73.8670276,253,Polygon
02390913,3637840,Islandia village,C1,A,5733949,0,+40.8068617,-73.1710837,254,Polygon
02390912,3637847,Island Park village,C1,A,1151846,0,+40.6052205,-73.6553002,255,Polygon
00979099,3638077,Ithaca city,C5,A,13957120,1766770,+42.4439370,-76.5030548,256,Polygon
00979102,3638264,Jamestown city,C5,A,23049709,396859,+42.0976026,-79.2361352,257,Polygon
02390914,3638506,Jeffersonville village,C1,A,1057660,84180,+41.7775212,-74.9258534,258,Polygon
02390915,3638748,Johnson City village,C1,A,11789493,300413,+42.1252884,-75.9634065,259,Polygon
00979110,3638781,Johnstown city,C5,A,12485028,9987,+43.0073347,-74.3750646,260,Polygon
02390916,3638825,Jordan village,C1,A,3015375,0,+43.0670686,-76.4729198,261,Polygon
02390917,3638934,Kaser village,C1,A,444235,0,+41.1212575,-74.0685746,262,Polygon
02390919,3639232,Kenmore village,C1,A,3718719,0,+42.9646327,-78.8712899,263,Polygon
02390920,3639309,Kensington village,C1,A,658464,0,+40.7930773,-73.7222419,264,Polygon
02390921,3639562,Kinderhook village,C1,A,5448848,0,+42.3943824,-73.7037683,265,Polygon
02390922,3639694,Kings Point village,C1,A,8699839,1666094,+40.8178920,-73.7393198,266,Polygon
00979118,3639727,Kingston city,C5,A,19379178,3334136,+41.9301241,-73.9967823,267,Polygon
02390923,3639853,Kiryas Joel village,C1,A,3785896,77882,+41.3406673,-74.1672741,268,Polygon
00979124,3640189,Lackawanna city,C5,A,16958231,128249,+42.8184241,-78.8327692,269,Polygon
02390924,3640200,Lacona village,C1,A,2880946,7749,+43.6426538,-76.0660657,270,Polygon
02390925,3640508,Lake George village,C1,A,1517833,0,+43.4259236,-73.7151683,271,Polygon
02390926,3640530,Lake Grove village,C1,A,7653845,2832,+40.8578166,-73.1168438,272,Polygon
02390927,3640761,Lake Placid village,C1,A,3525498,446453,+44.2841700,-73.9864264,273,Polygon
02390928,3640937,Lake Success village,C1,A,4792700,128626,+40.7638827,-73.7111116,274,Polygon
02390929,3641069,Lakewood village,C1,A,5076309,0,+42.0991414,-79.3201018,275,Polygon
02390930,3641135,Lancaster village,C1,A,6989269,87440,+42.9005999,-78.6687755,276,Polygon
02390931,3641223,Lansing village,C1,A,11940517,48816,+42.4901499,-76.4865208,277,Polygon
02390932,3641333,Larchmont village,C1,A,2838001,5124,+40.9259606,-73.7519603,278,Polygon
02390933,3641432,Lattingtown village,C1,A,9705069,198288,+40.8946396,-73.5953435,279,Polygon
02390934,3641487,Laurel Hollow village,C1,A,7660546,527562,+40.8566996,-73.4775420,280,Polygon
02390935,3641520,Laurens village,C1,A,332574,0,+42.5313186,-75.0887158,281,Polygon
02390936,3641553,Lawrence village,C1,A,9628551,2385190,+40.6029236,-73.7144340,282,Polygon
02390938,3641872,Leicester village,C1,A,934563,0,+42.7709392,-77.8969040,283,Polygon
02390937,3642026,Le Roy village,C1,A,6968240,1482,+42.9780055,-77.9908735,284,Polygon
02390939,3642147,Lewiston village,C1,A,2840234,360474,+43.1718691,-79.0395605,285,Polygon
02390940,3642224,Liberty village,C1,A,6787634,9635,+41.7965932,-74.7431951,286,Polygon
02390941,3642323,Lima village,C1,A,3484566,0,+42.9069456,-77.6122653,287,Polygon
02390943,3642554,Lindenhurst village,C1,A,9704444,167700,+40.6857512,-73.3715941,288,Polygon
02390944,3642642,Lisle village,C1,A,2425304,0,+42.3490541,-76.0055221,289,Polygon
00979157,3642741,Little Falls city,C5,A,9941029,392474,+43.0448346,-74.8566876,290,Polygon
02390945,3642829,Little Valley village,C1,A,2595260,0,+42.2493648,-78.7987507,291,Polygon
02390946,3642884,Liverpool village,C1,A,1946367,1467,+43.1055659,-76.2096645,292,Polygon
02390947,3642950,Livonia village,C1,A,2622679,0,+42.8219296,-77.6688000,293,Polygon
02390948,3643005,Lloyd Harbor village,C1,A,24168878,3437131,+40.9214960,-73.4433864,294,Polygon
00979164,3643082,Lockport city,C5,A,21755323,118484,+43.1694596,-78.6958069,295,Polygon
02390949,3643214,Lodi village,C1,A,1427458,5231,+42.6133996,-76.8219779,296,Polygon
00979167,3643335,Long Beach city,C5,A,5743691,4342656,+40.5858353,-73.6654031,297,Polygon
02390950,3643720,Lowville village,C1,A,4949655,0,+43.7866672,-75.4874165,298,Polygon
02390951,3643874,Lynbrook village,C1,A,5213220,0,+40.6578830,-73.6741989,299,Polygon
02390952,3643918,Lyndonville village,C1,A,2653414,0,+43.3213454,-78.3888693,300,Polygon
02390954,3644006,Lyons Falls village,C1,A,2524233,250630,+43.6170076,-75.3616345,301,Polygon
02390974,3644193,McGraw village,C1,A,2556260,0,+42.5937649,-76.0975024,302,Polygon
02390956,3644424,Madison village,C1,A,1236628,0,+42.8977412,-75.5122910,303,Polygon
02390957,3644710,Malone village,C1,A,8078949,170842,+44.8482211,-74.2895797,304,Polygon
02390958,3644787,Malverne village,C1,A,2740049,0,+40.6745409,-73.6721013,305,Polygon
02390959,3644831,Mamaroneck village,C1,A,8311614,8822663,+40.9364521,-73.7261379,306,Polygon
02390960,3644853,Manchester village,C1,A,2955425,0,+42.9681139,-77.2316372,307,Polygon
02390961,3645018,Manlius village,C1,A,4715779,0,+43.0014380,-75.9822320,308,Polygon
02390962,3645073,Mannsville village,C1,A,2323671,84385,+43.7178142,-76.0668154,309,Polygon
02390963,3645106,Manorhaven village,C1,A,1215967,428449,+40.8388504,-73.7108246,310,Polygon
02390964,3645392,Marathon village,C1,A,2925636,5183,+42.4448085,-76.0362383,311,Polygon
02390965,3645480,Marcellus village,C1,A,1655581,0,+42.9837066,-76.3405002,312,Polygon
02390966,3645557,Margaretville village,C1,A,1801425,47899,+42.1452670,-74.6507083,313,Polygon
02390968,3645997,Massapequa Park village,C1,A,5676961,143952,+40.6809094,-73.4496893,314,Polygon
02390969,3646019,Massena village,C1,A,11733827,518819,+44.9290237,-74.8929731,315,Polygon
02390970,3646107,Matinecock village,C1,A,6909008,12831,+40.8593523,-73.5804716,316,Polygon
02390971,3646162,Maybrook village,C1,A,3507463,14293,+41.4880262,-74.2124683,317,Polygon
02390972,3646206,Mayfield village,C1,A,2606192,465566,+43.1019333,-74.2660139,318,Polygon
02390973,3646239,Mayville village,C1,A,5221002,6221,+42.2530992,-79.5019130,319,Polygon
00979207,3646360,Mechanicville city,C5,A,2172487,204368,+42.9041409,-73.6888878,320,Polygon
02390975,3646415,Medina village,C1,A,8543805,201006,+43.2197422,-78.3878736,321,Polygon
02390976,3646536,Menands village,C1,A,7929471,649000,+42.6911799,-73.7261881,322,Polygon
02390977,3646646,Meridian village,C1,A,1789035,0,+43.1629633,-76.5381820,323,Polygon
02390978,3646811,Mexico village,C1,A,5554763,0,+43.4652180,-76.2325741,324,Polygon
02390979,3646866,Middleburgh village,C1,A,3230542,0,+42.5979793,-74.3298284,325,Polygon
02390980,3646998,Middleport village,C1,A,2258057,0,+43.2117223,-78.4757272,326,Polygon
00979217,3647042,Middletown city,C5,A,13741253,68681,+41.4449222,-74.4235731,327,Polygon
02390981,3647108,Middleville village,C1,A,1981427,128945,+43.1389374,-74.9702345,328,Polygon
02390982,3647229,Milford village,C1,A,1098807,0,+42.5904705,-74.9468648,329,Polygon
02390984,3647273,Millbrook village,C1,A,4816653,141697,+41.7848623,-73.6920916,330,Polygon
02390985,3647361,Millerton village,C1,A,1596432,8024,+41.9554851,-73.5130763,331,Polygon
02390983,3647405,Mill Neck village,C1,A,6773705,839153,+40.8821323,-73.5589679,332,Polygon
02390986,3647427,Millport village,C1,A,901137,0,+42.2681007,-76.8362444,333,Polygon
02390987,3647636,Mineola village,C1,A,4794402,0,+40.7470263,-73.6393630,334,Polygon
02390988,3647757,Minoa village,C1,A,3421226,0,+43.0742275,-76.0082907,335,Polygon
02390989,3647823,Mohawk village,C1,A,2272584,68769,+43.0093769,-75.0071392,336,Polygon
02390990,3647988,Monroe village,C1,A,9047725,166940,+41.3176977,-74.1857480,337,Polygon
02390991,3648090,Montebello village,C1,A,11190593,24636,+41.1307948,-74.1100779,338,Polygon
02390992,3648142,Montgomery village,C1,A,3640655,109031,+41.5212657,-74.2386611,339,Polygon
02390993,3648175,Monticello village,C1,A,10570693,62413,+41.6525281,-74.6877605,340,Polygon
02390994,3648197,Montour Falls village,C1,A,7791484,62562,+42.3486680,-76.8486973,341,Polygon
02390995,3648296,Moravia village,C1,A,4411154,55203,+42.7121448,-76.4230527,342,Polygon
02390996,3648483,Morris village,C1,A,1931190,20683,+42.5481183,-75.2452916,343,Polygon
02390997,3648571,Morristown village,C1,A,2543525,101901,+44.5840133,-75.6454597,344,Polygon
02390998,3648593,Morrisville village,C1,A,2652669,0,+42.8986986,-75.6447553,345,Polygon
02390999,3648890,Mount Kisco village,C1,A,7877311,78917,+41.2016956,-73.7282581,346,Polygon
02391000,3648945,Mount Morris village,C1,A,5303317,0,+42.7236954,-77.8752072,347,Polygon
00979245,3649121,Mount Vernon city,C5,A,11377785,44440,+40.9131051,-73.8293172,348,Polygon
02391001,3649220,Munnsville village,C1,A,2267821,0,+42.9765494,-75.5865212,349,Polygon
02391002,3649231,Munsey Park village,C1,A,1336745,0,+40.7989930,-73.6798501,350,Polygon
02391003,3649330,Muttontown village,C1,A,15687540,0,+40.8253939,-73.5363381,351,Polygon
02391004,3649429,Naples village,C1,A,2496784,0,+42.6174539,-77.4021215,352,Polygon
02391005,3649506,Nassau village,C1,A,1809749,0,+42.5139631,-73.6107498,353,Polygon
02391006,3649748,Nelliston village,C1,A,2861243,234223,+42.9326792,-74.6076420,354,Polygon
02391007,3649781,Nelsonville village,C1,A,2677636,2794,+41.4294743,-73.9499137,355,Polygon
02391015,3649891,Newark village,C1,A,14035204,11970,+43.0420094,-77.0940237,356,Polygon
02391016,3649902,Newark Valley village,C1,A,2558385,0,+42.2229054,-76.1867762,357,Polygon
02391008,3649946,New Berlin village,C1,A,2759671,0,+42.6239828,-75.3353170,358,Polygon
00979258,3650034,Newburgh city,C5,A,9857747,2533739,+41.5032494,-74.0196402,359,Polygon
02391009,3650298,New Hartford village,C1,A,1603840,0,+43.0710381,-75.2886180,360,Polygon
02391010,3650353,New Hempstead village,C1,A,7360080,25830,+41.1457088,-74.0510343,361,Polygon
02391011,3650397,New Hyde Park village,C1,A,2195675,0,+40.7322731,-73.6858636,362,Polygon
02391012,3650551,New Paltz village,C1,A,4562907,96614,+41.7499420,-74.0797377,363,Polygon
02391017,3650573,Newport village,C1,A,1362006,166127,+43.1868450,-75.0160228,364,Polygon
00979271,3650617,New Rochelle city,C5,A,26640882,7404359,+40.9232433,-73.7793439,365,Polygon
02391013,3650705,New Square village,C1,A,949660,0,+41.1410222,-74.0293617,366,Polygon
02395220,3651000,New York city,C1,A,778178241,445408678,+40.6627117,-73.9386769,367,Polygon
02391014,3651011,New York Mills village,C1,A,3056761,0,+43.1007037,-75.2931141,368,Polygon
00979276,3651055,Niagara Falls city,C5,A,36482615,7100859,+43.0928407,-79.0147434,369,Polygon
02391018,3651110,Nichols village,C1,A,1342746,0,+42.0200171,-76.3704018,370,Polygon
02391019,3651286,Nissequogue village,C1,A,9862224,574404,+40.9027162,-73.1862461,371,Polygon
02391021,3651792,North Collins village,C1,A,2074707,0,+42.5948206,-78.9369411,372,Polygon
02391022,3652188,North Haven village,C1,A,6872636,0,+41.0232629,-72.3139972,373,Polygon
02391023,3653022,North Hills village,C1,A,7140468,0,+40.7764496,-73.6778466,374,Polygon
02391024,3653055,North Hornell village,C1,A,1270882,0,+42.3454437,-77.6605037,375,Polygon
02391026,3653396,Northport village,C1,A,5964884,588099,+40.9040451,-73.3449678,376,Polygon
02391025,3653660,North Syracuse village,C1,A,5145191,0,+43.1338666,-76.1303879,377,Polygon
00979293,3653682,North Tonawanda city,C5,A,26140446,2076404,+43.0491570,-78.8712242,378,Polygon
02391027,3653770,Northville village,C1,A,2752057,892408,+43.2196865,-74.1583230,379,Polygon
00979296,3653979,Norwich city,C5,A,5502165,0,+42.5333218,-75.5227584,380,Polygon
02391028,3654012,Norwood village,C1,A,5425657,438684,+44.7482996,-74.9966740,381,Polygon
02391029,3654078,Nunda village,C1,A,2528631,0,+42.5799904,-77.9379069,382,Polygon
02391030,3654100,Nyack village,C1,A,1994037,2164405,+41.0929498,-73.9152358,383,Polygon
02391031,3654155,Oakfield village,C1,A,1710712,0,+43.0649583,-78.2710184,384,Polygon
02391032,3654430,Ocean Beach village,C1,A,366033,0,+40.6462856,-73.1565226,385,Polygon
02391033,3654452,Odessa village,C1,A,2943718,0,+42.3349985,-76.7881139,386,Polygon
00979301,3654485,Ogdensburg city,C5,A,12834996,8238498,+44.7091795,-75.4632712,387,Polygon
02391034,3654562,Old Brookville village,C1,A,10314267,3279,+40.8364697,-73.6051084,388,Polygon
02391035,3654617,Old Field village,C1,A,5360350,313330,+40.9666734,-73.1310444,389,Polygon
02391036,3654705,Old Westbury village,C1,A,22202460,0,+40.7865426,-73.5975077,390,Polygon
00979305,3654716,Olean city,C5,A,15279909,690403,+42.0839431,-78.4351188,391,Polygon
00979308,3654837,Oneida city,C5,A,57115754,211866,+43.0704480,-75.6735612,392,Polygon
02391037,3654848,Oneida Castle village,C1,A,1310490,0,+43.0812031,-75.6330973,393,Polygon
00979309,3654881,Oneonta city,C5,A,11295615,9943,+42.4548184,-75.0668843,394,Polygon
02391038,3655266,Orchard Park village,C1,A,3479089,105972,+42.7621982,-78.7413665,395,Polygon
02391039,3655365,Oriskany village,C1,A,2050249,0,+43.1567651,-75.3335175,396,Polygon
02391040,3655376,Oriskany Falls village,C1,A,1311143,0,+42.9379897,-75.4636098,397,Polygon
02391041,3655530,Ossining village,C1,A,8203208,8511138,+41.1534896,-73.8705865,398,Polygon
00979325,3655574,Oswego city,C5,A,19720149,9359182,+43.4580517,-76.5036887,399,Polygon
02391042,3655618,Otego village,C1,A,3002942,0,+42.3927987,-75.1800706,400,Polygon
02391043,3655673,Otisville village,C1,A,1979197,0,+41.4714384,-74.5397089,401,Polygon
02391044,3655816,Ovid village,C1,A,1029664,0,+42.6756478,-76.8228967,402,Polygon
02391045,3655882,Owego village,C1,A,6599467,599080,+42.1045599,-76.2622269,403,Polygon
02391046,3655948,Oxford village,C1,A,4588164,0,+42.4411606,-75.5958784,404,Polygon
02391047,3656011,Oyster Bay Cove village,C1,A,10837156,179757,+40.8604959,-73.5053788,405,Polygon
02391048,3656088,Painted Post village,C1,A,3300076,157363,+42.1637619,-77.0923838,406,Polygon
02391049,3656110,Palatine Bridge village,C1,A,2386539,186679,+42.9157542,-74.5775430,407,Polygon
02391050,3656187,Palmyra village,C1,A,3488424,0,+43.0608641,-77.2297192,408,Polygon
02391051,3656231,Panama village,C1,A,5720365,15489,+42.0685714,-79.4871888,409,Polygon
02391052,3656341,Parish village,C1,A,4076822,0,+43.4058024,-76.1263699,410,Polygon
02391053,3656660,Patchogue village,C1,A,5854107,673507,+40.7637098,-73.0197730,411,Polygon
02391054,3656814,Pawling village,C1,A,5061125,1459,+41.5636087,-73.5993385,412,Polygon
00979348,3656979,Peekskill city,C5,A,11251161,3177119,+41.2873963,-73.9235971,413,Polygon
02391055,3657001,Pelham village,C1,A,2129386,5908,+40.9110803,-73.8077044,414,Polygon
02391056,3657023,Pelham Manor village,C1,A,3503454,113499,+40.8930678,-73.8059277,415,Polygon
02391057,3657177,Penn Yan village,C1,A,6216496,145419,+42.6607144,-77.0530713,416,Polygon
02391058,3657243,Perry village,C1,A,6053859,288889,+42.7172212,-78.0074061,417,Polygon
02391060,3657518,Phelps village,C1,A,2996200,0,+42.9580576,-77.0621205,418,Polygon
02391061,3657551,Philadelphia village,C1,A,2480631,0,+44.1539885,-75.7097899,419,Polygon
02391062,3657639,Philmont village,C1,A,3148191,100310,+42.2490040,-73.6469017,420,Polygon
02391063,3657661,Phoenix village,C1,A,3031723,308987,+43.2308971,-76.2958046,421,Polygon
02391064,3657749,Piermont village,C1,A,1742277,1151103,+41.0418510,-73.9108308,422,Polygon
02391066,3658354,Pittsford village,C1,A,1823502,52257,+43.0904921,-77.5165703,423,Polygon
02391067,3658475,Plandome village,C1,A,1275361,23525,+40.8065791,-73.7016304,424,Polygon
02391068,3658486,Plandome Heights village,C1,A,468132,18117,+40.8020725,-73.7049008,425,Polygon
02391069,3658497,Plandome Manor village,C1,A,1403012,238781,+40.8129088,-73.6986987,426,Polygon
00979376,3658574,Plattsburgh city,C5,A,13049718,4028894,+44.6955627,-73.4564144,427,Polygon
02391070,3658728,Pleasantville village,C1,A,4798715,6261,+41.1340059,-73.7841501,428,Polygon
02391071,3658937,Poland village,C1,A,1406163,16389,+43.2256629,-75.0626984,429,Polygon
02391072,3658992,Pomona village,C1,A,6212234,0,+41.1891528,-74.0542491,430,Polygon
02391073,3659157,Poquott village,C1,A,1135591,381326,+40.9530438,-73.0908771,431,Polygon
02391074,3659212,Port Byron village,C1,A,2361801,71411,+43.0370936,-76.6253040,432,Polygon
02391075,3659223,Port Chester village,C1,A,6029919,185190,+41.0047007,-73.6671746,433,Polygon
02391076,3659245,Port Dickinson village,C1,A,1622975,190800,+42.1356413,-75.8944105,434,Polygon
02391078,3659355,Port Jefferson village,C1,A,7933856,65846,+40.9421766,-73.0527991,435,Polygon
00979387,3659388,Port Jervis city,C5,A,6552210,444541,+41.3780210,-74.6908016,436,Polygon
02391079,3659454,Port Leyden village,C1,A,1598166,105049,+43.5853999,-75.3414120,437,Polygon
02391081,3659498,Portville village,C1,A,2077309,0,+42.0367059,-78.3372563,438,Polygon
02391080,3659531,Port Washington North village,C1,A,1239548,47188,+40.8430465,-73.7000580,439,Polygon
02391082,3659564,Potsdam village,C1,A,12736472,1281490,+44.6708309,-74.9834628,440,Polygon
00979392,3659641,Poughkeepsie city,C5,A,13324438,1487437,+41.6945945,-73.9198692,441,Polygon
02391084,3659960,Pulaski village,C1,A,9157572,265483,+43.5655042,-76.1260345,442,Polygon
02391085,3660422,Quogue village,C1,A,10794725,1994914,+40.8214060,-72.5989033,443,Polygon
02391087,3660675,Ravena village,C1,A,3802021,14194,+42.4755465,-73.8112139,444,Polygon
02391088,3660829,Red Creek village,C1,A,2353379,69631,+43.2479030,-76.7228518,445,Polygon
02391089,3660895,Red Hook village,C1,A,2731454,33611,+41.9957853,-73.8765115,446,Polygon
02391090,3661115,Remsen village,C1,A,964298,0,+43.3282165,-75.1869927,447,Polygon
00979414,3661148,Rensselaer city,C5,A,8232403,866029,+42.6457400,-73.7325135,448,Polygon
02391091,3661159,Rensselaer Falls village,C1,A,752579,68876,+44.5907701,-75.3197948,449,Polygon
02391092,3661346,Rhinebeck village,C1,A,3900078,52496,+41.9288040,-73.9102837,450,Polygon
02391093,3661434,Richburg village,C1,A,2331433,0,+42.0887648,-78.1565122,451,Polygon
02391094,3661489,Richfield Springs village,C1,A,2606912,0,+42.8537027,-74.9862273,452,Polygon
02391095,3661588,Richmondville village,C1,A,4782134,0,+42.6334549,-74.5628208,453,Polygon
02391096,3661621,Richville village,C1,A,1912198,0,+44.4150698,-75.3924536,454,Polygon
02391097,3662061,Riverside village,C1,A,780844,14892,+42.1560324,-77.0791670,455,Polygon
00979426,3663000,Rochester city,C5,A,92634700,3640302,+43.1699272,-77.6168907,456,Polygon
02391098,3663264,Rockville Centre village,C1,A,8419755,220954,+40.6640241,-73.6380479,457,Polygon
00979430,3663418,Rome city,C5,A,193870118,2077000,+43.2260019,-75.4895228,458,Polygon
02391100,3663770,Roslyn village,C1,A,1670981,30136,+40.7998156,-73.6504240,459,Polygon
02391101,3663792,Roslyn Estates village,C1,A,1131054,0,+40.7936723,-73.6612166,460,Polygon
02391102,3663803,Roslyn Harbor village,C1,A,3084042,3918,+40.8112337,-73.6405820,461,Polygon
02391103,3663957,Round Lake village,C1,A,2907114,276184,+42.9376685,-73.7956687,462,Polygon
02391104,3663979,Rouses Point village,C1,A,4531538,1865453,+44.9912476,-73.3636800,463,Polygon
02391105,3664199,Rushville village,C1,A,1752172,0,+42.7612313,-77.2280116,464,Polygon
02391106,3664232,Russell Gardens village,C1,A,449690,0,+40.7808917,-73.7254514,465,Polygon
00979445,3664309,Rye city,C5,A,15157983,36700859,+40.9447383,-73.6863743,466,Polygon
02391107,3664325,Rye Brook village,C1,A,8879538,58441,+41.0300033,-73.6863545,467,Polygon
02391108,3664408,Sackets Harbor village,C1,A,5971738,14686,+43.9382517,-76.1129060,468,Polygon
02391110,3664430,Saddle Rock village,C1,A,654398,57122,+40.7943798,-73.7492781,469,Polygon
02391112,3664452,Sagaponack village,C1,A,11421274,628316,+40.9308947,-72.2687188,470,Polygon
02391111,3664485,Sag Harbor village,C1,A,4629338,46081,+40.9942738,-72.2885029,471,Polygon
02391157,3664639,St. Johnsville village,C1,A,2272798,3289,+43.0006376,-74.6759601,472,Polygon
00979450,3664749,Salamanca city,C5,A,15523896,626187,+42.1647336,-78.7412627,473,Polygon
02391114,3664881,Saltaire village,C1,A,602907,132675,+40.6380715,-73.1947175,474,Polygon
02391115,3665035,Sands Point village,C1,A,10929014,3570687,+40.8534295,-73.7035856,475,Polygon
02391116,3665068,Sandy Creek village,C1,A,3493656,0,+43.6433731,-76.0863342,476,Polygon
02391117,3665233,Saranac Lake village,C1,A,7539280,642616,+44.3259424,-74.1309291,477,Polygon
00979462,3665255,Saratoga Springs city,C5,A,72687552,2091297,+43.0677039,-73.7781421,478,Polygon
02391118,3665288,Saugerties village,C1,A,4619269,1234866,+42.0741879,-73.9418533,479,Polygon
02391119,3665354,Savona village,C1,A,2692543,0,+42.2830737,-77.2236497,480,Polygon
02391120,3665431,Scarsdale village,C1,A,17288625,20853,+40.9936138,-73.7772011,481,Polygon
02391121,3665475,Schaghticoke village,C1,A,1963507,609001,+42.9014274,-73.5895999,482,Polygon
00979468,3665508,Schenectady city,C5,A,27991725,439193,+42.8026407,-73.9271999,483,Polygon
02391122,3665585,Schoharie village,C1,A,4295222,2552,+42.6666303,-74.3133042,484,Polygon
02391123,3665750,Schuylerville village,C1,A,1380507,140897,+43.1009767,-73.5812426,485,Polygon
02391124,3665893,Scotia village,C1,A,4372005,253743,+42.8320136,-73.9604019,486,Polygon
02391125,3665959,Scottsville village,C1,A,2804383,13158,+43.0222765,-77.7533775,487,Polygon
02391126,3666047,Sea Cliff village,C1,A,2887408,2192567,+40.8461577,-73.6504304,488,Polygon
02391128,3666663,Sharon Springs village,C1,A,4731321,0,+42.7930065,-74.6128350,489,Polygon
02391129,3666883,Sherburne village,C1,A,3935044,0,+42.6806479,-75.4964990,490,Polygon
02391130,3666949,Sherman village,C1,A,2103421,0,+42.1592335,-79.5942526,491,Polygon
00979493,3666993,Sherrill city,C1,A,5986679,0,+43.0704387,-75.5992157,492,Polygon
02391131,3667191,Shoreham village,C1,A,1175951,0,+40.9570970,-72.9070537,493,Polygon
02391132,3667257,Shortsville village,C1,A,1633008,0,+42.9556453,-77.2226322,494,Polygon
02391133,3667334,Sidney village,C1,A,6163875,111771,+42.3083377,-75.3977886,495,Polygon
02391134,3667411,Silver Creek village,C1,A,2977189,6643,+42.5411553,-79.1689949,496,Polygon
02391135,3667466,Silver Springs village,C1,A,2466485,69980,+42.6600892,-78.0844627,497,Polygon
02391136,3667488,Sinclairville village,C1,A,4205477,0,+42.2653418,-79.2590380,498,Polygon
02391137,3667510,Skaneateles village,C1,A,3686099,825384,+42.9472819,-76.4284879,499,Polygon
02391138,3667638,Sleepy Hollow village,C1,A,5809691,7674772,+41.0975142,-73.8696410,500,Polygon
02391139,3667686,Sloan village,C1,A,2020127,16234,+42.8922311,-78.7915367,501,Polygon
02391140,3667708,Sloatsburg village,C1,A,6471761,99648,+41.1620458,-74.1908730,502,Polygon
02391141,3668099,Smyrna village,C1,A,632353,0,+42.6869248,-75.5686886,503,Polygon
02391142,3668209,Sodus village,C1,A,2437025,0,+43.2371019,-77.0627526,504,Polygon
02391143,3668242,Sodus Point village,C1,A,3796340,15500,+43.2644997,-76.9959616,505,Polygon
02391144,3668286,Solvay village,C1,A,4185853,0,+43.0570587,-76.2122833,506,Polygon
02391151,3668462,Southampton village,C1,A,16881857,2362253,+40.8766173,-72.4030895,507,Polygon
02391145,3668610,South Blooming Grove village,C1,A,12095747,86164,+41.3736955,-74.1670298,508,Polygon
02391146,3668847,South Corning village,C1,A,1597196,0,+42.1261819,-77.0355600,509,Polygon
02391147,3668891,South Dayton village,C1,A,2604881,0,+42.3628265,-79.0509929,510,Polygon
02391148,3669023,South Floral Park village,C1,A,251922,0,+40.7135069,-73.7004415,511,Polygon
02391149,3669078,South Glens Falls village,C1,A,3518293,341616,+43.2944096,-73.6336357,512,Polygon
02391150,3669441,South Nyack village,C1,A,1560442,2794009,+41.0796809,-73.9171081,513,Polygon
02391152,3670123,Speculator village,C1,A,115536869,6720589,+43.5760404,-74.3562318,514,Polygon
02391153,3670167,Spencer village,C1,A,2681206,35035,+42.2150846,-76.4946850,515,Polygon
02391154,3670189,Spencerport village,C1,A,3580010,83464,+43.1883805,-77.8074338,516,Polygon
02391155,3670420,Spring Valley village,C1,A,5200992,5474,+41.1145669,-74.0487124,517,Polygon
02391156,3670442,Springville village,C1,A,9531700,24517,+42.5080670,-78.6693613,518,Polygon
02391158,3670618,Stamford village,C1,A,3451400,22859,+42.4091034,-74.6170321,519,Polygon
02391159,3671267,Stewart Manor village,C1,A,523768,0,+40.7201177,-73.6854116,520,Polygon
02391160,3671322,Stillwater village,C1,A,3258267,527123,+42.9465394,-73.6392660,521,Polygon
02391161,3671894,Suffern village,C1,A,5431424,83599,+41.1119828,-74.1413819,522,Polygon
02391162,3672521,Sylvan Beach village,C1,A,1778071,54745,+43.2066518,-75.7214313,523,Polygon
00979539,3673000,Syracuse city,C5,A,64903077,1507055,+43.0409981,-76.1435544,524,Polygon
02391163,3673143,Tannersville village,C1,A,2896419,84748,+42.1938553,-74.1344330,525,Polygon
02391164,3673176,Tarrytown village,C1,A,7603008,7130089,+41.0652048,-73.8662575,526,Polygon
02391165,3673517,Theresa village,C1,A,3271225,157210,+44.2155411,-75.7959404,527,Polygon
02391166,3673605,Thomaston village,C1,A,1045477,0,+40.7875197,-73.7151584,528,Polygon
02391167,3674023,Tivoli village,C1,A,3993991,13434,+42.0544590,-73.9172036,529,Polygon
00979550,3674166,Tonawanda city,C5,A,9850438,745856,+43.0119350,-78.8834425,530,Polygon
00979559,3675484,Troy city,C5,A,26825731,1811726,+42.7358118,-73.6753209,531,Polygon
02391168,3675506,Trumansburg village,C1,A,3592819,11001,+42.5403060,-76.6635842,532,Polygon
02391169,3675583,Tuckahoe village,C1,A,1556633,0,+40.9531469,-73.8229443,533,Polygon
02391170,3675627,Tully village,C1,A,1892033,0,+42.7981864,-76.1102371,534,Polygon
02391171,3675671,Tupper Lake village,C1,A,5416416,113911,+44.2298213,-74.4618533,535,Polygon
02391172,3675682,Turin village,C1,A,2657765,0,+43.6291789,-75.4106719,536,Polygon
02391173,3675803,Tuxedo Park village,C1,A,6881308,1464824,+41.1970240,-74.2103910,537,Polygon
02391174,3676001,Unadilla village,C1,A,2684680,126557,+42.3274157,-75.3148887,538,Polygon
02391175,3676155,Union Springs village,C1,A,4527894,37998,+42.8466746,-76.6861391,539,Polygon
02391176,3676210,Unionville village,C1,A,791886,0,+41.3015230,-74.5621778,540,Polygon
02391177,3676331,Upper Brookville village,C1,A,11133146,0,+40.8474989,-73.5629008,541,Polygon
02391178,3676386,Upper Nyack village,C1,A,3165384,8146552,+41.1209539,-73.9107795,542,Polygon
00979575,3676540,Utica city,C5,A,43310457,662078,+43.0963822,-75.2259832,543,Polygon
02391179,3676617,Valatie village,C1,A,3248435,31174,+42.4130805,-73.6777589,544,Polygon
02391180,3676672,Valley Falls village,C1,A,1200321,64709,+42.9006205,-73.5625075,545,Polygon
02391182,3676705,Valley Stream village,C1,A,9007439,44613,+40.6647468,-73.7049022,546,Polygon
02391184,3677112,Vernon village,C1,A,2449843,8875,+43.0791945,-75.5385608,547,Polygon
02391185,3677376,Victor village,C1,A,3539088,0,+42.9820858,-77.4098291,548,Polygon
02391186,3677431,Victory village,C1,A,1361018,0,+43.0918568,-73.5917585,549,Polygon
02391187,3677519,Village of the Branch village,C1,A,2460523,80647,+40.8533680,-73.1822300,550,Polygon
02391188,3677684,Voorheesville village,C1,A,5539441,12385,+42.6536623,-73.9342681,551,Polygon
02391189,3677728,Waddington village,C1,A,5646249,485067,+44.8613241,-75.1972282,552,Polygon
02391190,3677849,Walden village,C1,A,5097343,212003,+41.5599521,-74.1882416,553,Polygon
02391191,3678036,Walton village,C1,A,3994681,150689,+42.1698107,-75.1304780,554,Polygon
02391192,3678113,Wampsville village,C1,A,2652795,18713,+43.0773955,-75.7114752,555,Polygon
02391193,3678168,Wappingers Falls village,C1,A,2903230,204891,+41.5981561,-73.9169449,556,Polygon
02391194,3678333,Warsaw village,C1,A,10633987,0,+42.7429111,-78.1412927,557,Polygon
02391195,3678355,Warwick village,C1,A,6283258,10064,+41.2552441,-74.3547216,558,Polygon
02391196,3678465,Washingtonville village,C1,A,6573775,35333,+41.4284811,-74.1585738,559,Polygon
02391197,3678520,Waterford village,C1,A,732551,194162,+42.7920683,-73.6788271,560,Polygon
02391198,3678553,Waterloo village,C1,A,5586610,121286,+42.9045862,-76.8590234,561,Polygon
00979604,3678608,Watertown city,C5,A,23393545,919752,+43.9732923,-75.9100391,562,Polygon
02391199,3678663,Waterville village,C1,A,3667090,0,+42.9305892,-75.3802016,563,Polygon
00979606,3678674,Watervliet city,C5,A,3475039,335920,+42.7248832,-73.7070106,564,Polygon
02391200,3678696,Watkins Glen village,C1,A,4040783,992907,+42.3805488,-76.8669872,565,Polygon
02391201,3678806,Waverly village,C1,A,5916356,68999,+42.0127240,-76.5400065,566,Polygon
02391202,3678850,Wayland village,C1,A,2925637,149781,+42.5628452,-77.5958729,567,Polygon
02391203,3678960,Webster village,C1,A,5705065,601,+43.2163870,-77.4219000,568,Polygon
02391204,3679015,Weedsport village,C1,A,2526906,0,+43.0481240,-76.5636075,569,Polygon
02391205,3679081,Wellsburg village,C1,A,1471379,22701,+42.0133108,-76.7300337,570,Polygon
02391206,3679092,Wellsville village,C1,A,6278604,0,+42.1207047,-77.9457299,571,Polygon
02391207,3679174,Wesley Hills village,C1,A,8682112,60545,+41.1575772,-74.0790122,572,Polygon
02391212,3679444,Westbury village,C1,A,6069815,0,+40.7598798,-73.5891846,573,Polygon
02391208,3679499,West Carthage village,C1,A,3386416,253074,+43.9736228,-75.6215605,574,Polygon
02391213,3679939,Westfield village,C1,A,9800226,0,+42.3218262,-79.5747653,575,Polygon
02391214,3680181,Westhampton Beach village,C1,A,7615801,172601,+40.8069724,-72.6450716,576,Polygon
02391209,3680186,West Hampton Dunes village,C1,A,810003,139779,+40.7787695,-72.7067325,577,Polygon
02391210,3680203,West Haverstraw village,C1,A,3932326,57171,+41.2063060,-73.9867816,578,Polygon
02391211,3681292,West Winfield village,C1,A,2360045,0,+42.8837833,-75.1913755,579,Polygon
02391215,3681622,Whitehall village,C1,A,14606125,2982631,+43.5460125,-73.4337780,580,Polygon
00979637,3681677,White Plains city,C5,A,25217999,318753,+41.0238004,-73.7510485,581,Polygon
02391216,3681710,Whitesboro village,C1,A,2718396,0,+43.1239847,-75.2966876,582,Polygon
02391217,3681831,Whitney Point village,C1,A,2700154,181915,+42.3305683,-75.9716182,583,Polygon
02391218,3682084,Williamsville village,C1,A,3258137,24804,+42.9582503,-78.7395198,584,Polygon
02391219,3682117,Williston Park village,C1,A,1621989,0,+40.7587561,-73.6465877,585,Polygon
02391220,3682359,Wilson village,C1,A,2105910,493375,+43.3146725,-78.8284474,586,Polygon
02391221,3682524,Windsor village,C1,A,2847434,174368,+42.0772459,-75.6405145,587,Polygon
02391223,3682678,Wolcott village,C1,A,5044329,49590,+43.2227847,-76.8121332,588,Polygon
02391224,3682750,Woodbury village,C1,A,92102491,2747485,+41.3275410,-74.1021113,589,Polygon
02391225,3682953,Woodridge village,C1,A,4335235,263610,+41.7184025,-74.5799647,590,Polygon
02391226,3682986,Woodsburgh village,C1,A,876582,113033,+40.6211969,-73.7062147,591,Polygon
02391227,3683272,Wurtsboro village,C1,A,3235325,0,+41.5760927,-74.4856484,592,Polygon
02391228,3683371,Wyoming village,C1,A,1732336,0,+42.8240645,-78.0841284,593,Polygon
00979660,3684000,Yonkers city,C5,A,46634440,5850607,+40.9458622,-73.8674464,594,Polygon
02391229,3684099,Yorkville village,C1,A,1738780,0,+43.1124481,-75.2739644,595,Polygon
02391230,3684143,Youngstown village,C1,A,2799354,661720,+43.2495517,-79.0422280,596,Polygon
